,__v,_id,agegroup,county,fadult,fname,lname,madults,targetgroup,town,venue,workshop
0,0,5bd26b88f4c8a019dcb8868f,,,,,,,,,,
1,0,5bd26c7af4c8a019dcb88690,,,,,,,,,,
2,0,5bd26cebbf4c2b19fc77a7d0,,,,,,,,,,
3,0,5bd26ddcbd4d311a026433a9,,,,,,,,,,
4,0,5bd26e287b9d3f1a05a0daa5,,,,,,,,,,
5,0,5bd26e5f85b61e1a09033494,,,,,,,,,,
6,0,5bd26f8f6712101a1904cc9a,,,,,,,,,,
7,0,5bd2710287302d1a2c258f06,2,2,11.0,a,a,222.0,1,1,a,3
8,0,5bd2716887302d1a2c258f07,1,2,1.0,ur,MOM,99.0,2,1,ma house,2
9,0,5bd8f701e3288e0920756804,2,2,1.0,ur ,Mom,99.0,2,2,mah house,1
